Collection,Song Name,Code
MORNING,שרי - לעולם בעקבות השמש,46735
MORNING,ג׳יין בורדו - קרן שמש,68074
MORNING,Aqua - Good Morning Sunshine,70148
MORNING,Norah Jones - Feels Like Home - 05 - In The Morning,27469
MORNING,אושיק לוי - לישון לישון,72895
MORNING,Cat Stevens-Morning Has Broken,71980
MORNING,Her Morning Elegance - Oren Lavie,30894
MORNING,הבילויים - ניפגש על החוף,85431
MORNING,"Mercedes Sosa - Duerme, Negrito",40762
MORNING,אחינועם ניני- מזמור לילה,14309
MORNING,Beatles - Good Day Sunshine,48052
MORNING,בוקר טוב - עוץ לי גוץ לי,47259
MORNING,איך אוכל להמשיך לישון,35690
MORNING,גלי עטרי - יש לך שמש,36942
MORNING,Aretha Franklin - Say A Little Prayer For You,95843
MORNING,אריק איינשטיין אני אוהב לישון,69523
MORNING,אבטיפוס - בוקר טוב עולם,15907
MORNING,אריק איינשטיין - שבת בבוקר,46072
MORNING,אריאל זילבר   שמש שמש,42568
MORNING,John Mayer - New Light,17598
MORNING,Beatles - Blackbird,43172
MORNING,תומר ישעיהו ודניאלה ספקטור - בוקר טוב,96015
MORNING,Mercedes Sosa - Gracias A La Vida,70296
MORNING,Beauty and the Beast (Live Action) - Belle,68051
MORNING,Norah Jones - Feels Like Home - 01 - Sunrise,89467
MORNING,Elton John-Your Song,37296
MORNING,אחינועם ניני - בוקר,56743
MORNING,Beatles - Here Comes The Sun,58910
MORNING,שלומי שבן - שמש עלי אדמות,98502
MORNING,ECHO - שמש,14759
MAIJAM,Spice Girls - Wannabe [Lyrics],58430
MAIJAM,Patti Smith Group - Because the Night (Official Audio) (1),17652
MAIJAM,Why - Bronski beat,80153
MAIJAM,Backstreet Boys - Tell Me Why (Official Lyrics Video),78596
MAIJAM,The Offspring - Pretty Fly (For A White Guy) (Official Music Video) [QtTR-_Klcq8],71240
MAIJAM,Haddaway - What Is Love [Official 4K],94168
MAIJAM,"Bill Medley, Jennifer Warnes - (I_ve Had) The Time Of My Life (Official HD Video)",37069
MAIJAM,Sister Sledge - We Are Family,28376
MAIJAM,Whitney Houston - I Wanna Dance With Somebody,46597
MAIJAM,Aqua - Barbie Girl (Official Music Video),31208
MAIJAM,Wham! - Wake Me Up Before You Go-Go (Official Video),34579
MAIJAM,Europe - The Final Countdown (Official Video),85927
MAIJAM,LunchMoney Lewis - Bills (Official Video),58417
MAIJAM,Michael Jackson - Thriller (Official 4K Video),83950
MAIJAM,The Pointer Sisters - I_m So Excited,60142
MAIJAM,The Jacksons - Blame It On the Boogie (Official Video),26984
MAIJAM,Amy Winehouse - Rehab,58169
MAIJAM,Michael Jackson - Don_t Stop _Til You Get Enough (Official Video - Upscaled),54201
MAIJAM,Cher - Believe (Official Music Video) [4K Remaster],43178
MAIJAM,"Baccara - Yes Sir, I Can Boogie (Starparade 02.06.1977) (1)",49051
MAIJAM,Queen - Don_t Stop Me Now (Official Video),15693
MAIJAM,Blondie - Call me,97506
MAIJAM,Jennifer Lopez - Waiting For Tonight,91258
MAIJAM,"Baccara - Yes Sir, I Can Boogie (Starparade 02.06.1977)",18543
MAIJAM,Donna  Summer   --    Hot   Stuff  Video  HQ,32587
MAIJAM,Rihanna - Umbrella (Orange Version) (Official Music Video) ft. JAY-Z,75198
MAIJAM,a-ha - Take On Me (Official Video) [4K],16538
MAIJAM,Gloria Gaynor - I Will Survive [6dYWe1c3OyU],27981
MAIJAM,Queen - Don't Stop Me Now (Official Video),61957
MAIJAM,"Eurythmics, Annie Lennox, Dave Stewart - Sweet Dreams (Are Made Of This) (Official Video)",80297
MAIJAM,Technotronic - Pump Up The Jam (Official Music Video),93218
MAIJAM,Depeche Mode - Just Can_t Get Enough (Official Video),84126
MAIJAM,ABBA - The Winner Takes It All,82459
MAIJAM,ABBA - Dancing Queen (Official Music Video),58694
MAIJAM,Lady Gaga - Bad Romance (Official Music Video),57318
MAIJAM,Gonna Make You Sweat (Everybody Dance Now) (Official HD Video),48206
MAIJAM,Cascada - Everytime We Touch (Official Video),15708
MAIJAM,"Abba - Money, Money, Money (Official Music Video)",94103
MAIJAM,The Weather Girls - It's Raining Men (Video),51972
MAIJAM,Smash Mouth - I_m A Believer,24960
MAIJAM,יהודית רביץ - הכל בסדר - עמרי סמדר רמיקס  Yehudit Ravitz - Hakol Beseder - Omri Smadar RMX,58327
MAIJAM,Dead Or Alive - You Spin Me Round (Like a Record) (Official Video) (1),76324
MAIJAM,Fame  Theme Song  Irene Cara,15074
MAIJAM,Rick Astley - Never Gonna Give You Up (Official Video) (4K Remaster) [dQw4w9WgXcQ],80163
MAIJAM,Lizzo - Boys (Official Video),69275
MAIJAM,Boney M. - Daddy Cool (Sopot Festival 1979),69423
MAIJAM,Maroon 5 - This Love,42190
MAIJAM,"Earth, Wind & Fire - September (Official HD Video)",84925
MAIJAM,Smash Mouth - All Star (Official Music Video),95378
MAIJAM,Soft Cell - Tainted Love (Official Music Video),85123
MAIJAM,M.C. Hammer - U Can_t Touch This,87195
MAIJAM,Boney M. - Sunny (Official Audio),45781
MAIJAM,The Pointer Sisters - I_m So Excited (1),93014
MAIJAM,Madonna - Hung Up (Official Video) [HD],63249
MAIJAM,Belinda Carlisle - Heaven Is A Place On Earth (Official HD Music Video),13804
MAIJAM,Boney M. - Rasputin (Sopot Festival 1979),54821
MAIJAM,The Proclaimers - I_m Gonna Be (500 Miles) (Official Music Video),92380
MAIJAM,ABBA - Voulez-Vous,83951
MAIJAM,September - Cry For You,76132
MAIJAM,Mark Ronson - Uptown Funk (Official Video) ft. Bruno Mars,74586
MAIJAM,Outkast - Hey Ya! (Official HD Video),67258
MAIJAM,Carl Douglas  Kung Fu Fighting  (Original Music Video),86751
MAIJAM,The Weather Girls - It_s Raining Men (Video),26475
MAIJAM,Kool & The Gang - Celebration,18673
MAIJAM,Shakira - Hips Don_t Lie (Official 4K Video) ft. Wyclef Jean,89371
MAIJAM,ABBA - Gimme! Gimme! Gimme! (A Man After Midnight),26931
MAIJAM,Dr. Alban - Sing Hallelujah (Official HD Video),84072
MAIJAM,Scatman (ski-ba-bop-ba-dop-bop) Official Video HD - Scatman John,75301
MAIJAM,Patti Smith Group - Because the Night (Official Audio),10746
MAIJAM,Dua Lipa - Levitating Featuring DaBaby (Official Music Video),89026
MAIJAM,אשליות - ניסים סרוסי,12987
MAIJAM,Queen - I Want to Break Free (Official Lyric Video),74392
MAIJAM,Wham! - Wake Me Up Before You Go-Go (Official Video) (1),92473
DISNEY,Friends on the Other Side - Princess and the Frog,72905
DISNEY,Moana - How Far I_ll Go,31462
DISNEY,Jim Cummings - Gonna Take You There (From The Princess and the Frog) ft. Terrance Simien,43867
DISNEY,A Whole New World (320kbps),29417
DISNEY,Anika Noni Rose - Almost There (From The Princess and the Frog),91267
DISNEY,Arabian Nights - Bruce Adler - Aladdin (320kbps),24973
DISNEY,Mulan - Honor to us All,65890
DISNEY,toy story - you_ve got a friend in me,40592
DISNEY,Hercules - Zero to Hero,72850
DISNEY,Disney_s Frozen Let It Go,52734
DISNEY,Dwayne Johnson - You_re Welcome (from Moana),76812
DISNEY,High School Musical_ Breaking Free,51394
DISNEY,FROZEN _ In Summer Song - Olaf,68539
DISNEY,Tangled - I_ve Got a Dream,39425
DISNEY,Princess and the Frog - Dig A Little Deeper - Disney,16437
DISNEY,Donna Murphy - Mother Knows Best (From Tangled),73461
DISNEY,Do You Want to Build a Snowman (From Frozen),80573
DISNEY,When We_re Human (From The Princess and the Frog),84710
DISNEY,Love is an Open Door - Frozen,41907
DISNEY,Hercules - I Won_t Say I_m In Love הרקולס- לא אודה באהבה,18204
DISNEY,מלך האריות 2 - יחדיו כאיש אחד,16789
DISNEY,"Mandy Moore, Zachary Levi - I See the Light",62089
DISNEY,ספר הג_ונגל - מה שטוב לדוב,52384
DISNEY,The Little Mermaid - Under the Sea,69154
DISNEY,The Jungle Book _ The Bare Necessities Song,90842
DISNEY,Mandy Moore - When Will My Life Begin,64392
GENERAL,Blondie - Heart of Glass,41238
GENERAL,theAngelcy - The Call,23069
GENERAL,אלון עדר ולהקה - קצת אהבה לא תזיק,50721
GENERAL,"Earth, Wind & Fire - September",23089
GENERAL,"Hellogoodbye - Oh,It is Love",74528
GENERAL,Toto La Momposina - Danza de Indios,15726
GENERAL,Daft Punk - Something About Us (Official Video) (320kbps),89504
GENERAL,Corinne Bailey Rae - Put Your Records On,25034
GENERAL,The Weeknd - Save Your Tears,34729
GENERAL,Lily Allen - Fuck You,10275
GENERAL,Maelo Ruiz - Te Va A Doler,98264
GENERAL,Lady Gaga - Bad Romance,92083
GENERAL,Vanilla Ice - Ice Ice Baby,21947
GENERAL,Katy Perry - Roar,90652
GENERAL,יוני בלוך - אחריות,80453
GENERAL,Cosmicosmo - Water Temple,46375
GENERAL,Erreway - vas_a_salvarte,91342
GENERAL,Cigarette Duet (320kbps),15864
GENERAL,Luis Fonsi - Despacito ft. Daddy Yankee,42506
GENERAL,טיפקס - איזה עולם,27549
GENERAL,Katy Perry - Dark Horse (Official) ft. Juicy J,12035
GENERAL,funknstein-we_gonna_funk,61248
GENERAL,Of Monsters and Men - Little Talks,51360
GENERAL,Abba - Dancing Queen,26085
GENERAL,"Mercedes Sosa - Maria, Maria",67143
GENERAL,שבק ס_ - תתקעו בחצוצרה,87509
GENERAL,Toto la momposina - Yo Me Llamo Cumbia,89215
GENERAL,עדן בן זקן - תרקדו,67532
GENERAL,Baha Men - Who Let The Dogs Out,36790
GENERAL,Jamie Berry - Super Mario Bros (Electro-Swing Remix),39506
GENERAL,Buttering Trio - Falafel,67935
GENERAL,אלון עדר ולהקה - שיר לאמא (320kbps),87146
GENERAL,Vivaldi - the Four Seasons - Spring,10538
GENERAL,Quantic - Westbound Train (320kbps),17836
GENERAL,Cyndi Lauper - Girls Just Want To Have Fun,47261
GENERAL,Andrés Calamaro - Flaca,16085
GENERAL,אתניקס - ג_סיקה,72845
GENERAL,a-ha - Take On Me,71285
GENERAL,Alberta Hunter - Darktown Strutters Ball,37618
GENERAL,Dido - Thank You,26741
GENERAL,Edith Piaf - La Vie En Rose,38072
GENERAL,Debussy - Clair De Lune,91304
GENERAL,ALEXANDRA STAN - Mr. Saxobeat,80617
GENERAL,Los Enanitos Verdes - Lamento Boliviano,24098
GENERAL,Haris Alexiou - Ti Einai Afto Pou To Lene Agapi,90164
GENERAL,Britney Spears - Toxic,73549
GENERAL,Sweat and Smokes,65281
GENERAL,מופע הארנבות של דוקטור קספר - תראו אותי,50831
GENERAL,נועה קירל ואילן פלד - טרילילי טרללה Noa Kirel & Ilan Peled - Trilili Tralala (Prod by K-Kov),86105
GENERAL,Lady Gaga - Alejandro,18796
GENERAL,Nelly Furtado - Turn Off The Lights,57801
GENERAL,Vengaboys - Boom Boom Boom Boom,53820
GENERAL,Barry Manilow - Copacabana,58914
GENERAL,Decisiones - Ruben Blades,35698
GENERAL,CloZee - Revolution (320kbps),32586
GENERAL,Queeen - Somebody To Love,67054
GENERAL,אריאל זילבר - רוצי שמוליק,54193
GENERAL,Pitbull - Feel This Moment ft. Christina Aguilera,63054
GENERAL,Haris Alexiou - To Aisthima Mou,43169
GENERAL,Backstreet Boys - Everybody (Backstreet_s Back),63417
GENERAL,Elton John - I_m Still Standing,40615
GENERAL,Michael Jackson - Ghosts (320kbps),63495
GENERAL,Lou Bega - Mambo No 5,56143
GENERAL,Gloria Gaynor - I Will Survive,95316
GENERAL,"Chopin, Frederic - 4 Waltz No.2 In A flat Major",13526
GENERAL,Sia - Cheap Thrills Ft. Sean Paul,61320
GENERAL,עדן בן זקן ואיתי גלו - מועבט,47536
GENERAL,"Edith Piaf - Non, Je Ne Regrette Rien",48316
GENERAL,טיפקס-והפעם שיר אהבה,83479
GENERAL,גזוז - חללית,73540
GENERAL,Ke$ha - TiK ToK,91546
GENERAL,Meghan Trainor - All About That Bass (Official Video) (320kbps),95670
GENERAL,היי פייב - כולם רוקדים עכשיו,15076
GENERAL,חשמל זורם בכפות ידיך - רותי נבון,19046
GENERAL,Queen - Fat Bottomed Girls,91740
GENERAL,Haris Alexiou - To Tango Tis Nefelis,57396
GENERAL,Los Ángeles Azules - Nunca Es Suficiente,21375
GENERAL,דורי בן זאב - לאה גנוב,92617
GENERAL,Michael Jackson - Love Never Felt So Good,37984
GENERAL,Shakira - Waka Waka,75463
GENERAL,זקני צפת - רק אל תלכי (320kbps),45382
GENERAL,Edith Piaf - Milord,28136
GENERAL,The Rocky Horror Picture Show - The Time Warp,84267
GENERAL,Queen - We Are The Champions,61738
GENERAL,Wheatus - Teenage Dirtbag,83059
GENERAL,Sudan Archives - Come Meh Way,84056
GENERAL,Hoobastank - The Reason,43826
GENERAL,Los Fabulosos Cadillacs - La Parte De Adelante,38971
GENERAL,OneRepublic - Counting Stars,17345
GENERAL,Mercedes Sosa - Todo Cambia,41032
GENERAL,Totó La Momposina - El Pescador,72085
GENERAL,Haris Alexiou - Den Niotho Tipsi,43790
GENERAL,Edith Piaf -  No Regrets,50149
GENERAL,Joni Mitchell - Raised on Robbery,78032
GENERAL,Edith Piaf - La Foule,78043
GENERAL,Blue Room Boys - Do Your Duty,37512
GENERAL,Gordon Webster - I Like Pie,48706
GENERAL,בנזין - יום שישי את יודעת,82935
GENERAL,Noga Erez - NO news on TV,54203
GENERAL,הדורבנים - עוד לילה,54387
GENERAL,MACKLEMORE & RYAN LEWIS - THRIFT SHOP FEAT. WANZ,34869
GENERAL,"לידוי, אסטמה ושקד פררה - עור ברווז (ביט של מנטוס)",65438
GENERAL,Black or White (320kbps),65874
GENERAL,La Sonora Dinamita - Se Me Perdio La Cadenita (Official Audio) (320kbps),91034
GENERAL,Tatsuya Maruyama - STYLE,31456
GENERAL,POLO & PAN Ani Kuni (official video),90752
GENERAL,fox capture plan - 夜間航路 yakan kouro,41850
SPANISH,Mercedes Sosa - Alfonsina Y El Mar,85496
SPANISH,Scoundrels - Sexy Weekend,68039
SPANISH,the tuesday crew - Summer Lovin_,23647
SPANISH,Tu Me Haces Falta _ Eddie Santiago❤️ __letra❤️ (320kbps),25607
SPANISH,Buena Vista Social Club - De Camino a La Vereda (Official Audio) (320kbps),83705
SPANISH,Marco Antonio Solís - Si Te Pudiera Mentir (320kbps),72904
SPANISH,POLO _ PAN — Les jolies choses (official audio) (320kbps),36172
SPANISH,Nintendo Wii - Mii Channel Theme - Jazz Cover __ insaneintherainmusic (feat. Gabe N. _ Chris A.),56273
SPANISH,AlcolirykoZ - Todo lo Bueno Tarda,35719
SPANISH,"Chabuco - Margarita (Lyric Video) ft. Vicente García, Jose Quiñónez (320kbps)",39650
TV,טלויזיה - גברת פלפלת,97251
TV,יגאל בשן - נילס הולגרסון,40971
TV,טלויזיה - ערוץ הילדים המקום האמיתי,36450
TV,Chiquititas - Rinconcito de Luz,92637
TV,טלויזיה - פוקימון,38701
TV,טלויזיה - מיכאלה,34906
TV,טלויזיה - בזיק ויויו,85926
TV,טלויזיה - פספוסים,91762
TV,טלויזיה - הלב,29083
TV,דרדסים רמיקס,70581
TV,טלויזיה - המחסן של כאילו,45936
TV,טלויזיה - סנופי,54709
TV,טלויזיה - לחיי האהבה,31680
TV,טלויזיה - פופאי,75468
TV,טלויזיה - היתקליף,15834
TV,טלויזיה - המופע של לולו,73614
TV,טלויזיה - המעופפים הנועזים,47608
TV,טלויזיה - עוגי והמקקים,48502
TV,טלויזיה - הבית של פיסטוק,64531
TV,טלויזיה - אנימניאקס,68957
TV,טלויזיה - טייני טונס,49250
TV,טלויזיה - קצפת,43182
TV,טלויזיה - סקובי דו,74205
TV,Merrie Melodies & Looney Tunes - Opening themes,54963
TV,טלויזיה - בנות הפאוורפאף,85903
TV,Pokemon Silver - Surf Theme,86521
TV,טלויזיה - אריזה משפחתית,27016
TV,טלויזיה - ספיידרמן,32895
TV,Chiquititas - Volar Mejor,57921
TV,Pokemon Silver - Wild Pokemon Battle,42150
TV,טלויזיה - ארתור,60795
TV,טלויזיה - הקוסם מארץ עוץ,29804
TV,Erreway-rebelde_way,40632
TV,טלויזיה - סדריק,36750
TV,טלויזיה - בימבה,39142
TV,טלויזיה - חברים,46280
TV,טלויזיה - הביגבגים,91276
TV,טלויזיה - טומי ואוסקר,73580
TV,טלויזיה - הילדים מגבעת נפוליאון,12798
TV,טלויזיה - שיר הטלפון,71534
TV,טלויזיה - החברה הטובים,79128
TV,טלויזיה - דני שובבני,86594
TV,טלויזיה - הפליסטונס,16349
TV,טלויזיה - האלופה,56084
TV,Pokémon Silver - Elm Research Institute,15872
TV,טלויזיה - קטנטנות,95241
TV,טלויזיה - המומינים,24609
TV,טלויזיה - גברת פלפלת2,86142
TV,טלויזיה - השיר שלנו,19438
TV,טלויזיה - המלך בבר,70396
TV,טלויזיה - קטקטים,24193
TV,טלויזיה - דרגון בול זי,27480
TV,טלויזיה - צבי הנינג_ה,21097
TV,טלויזיה - הדרדסים,67129
TV,טלויזיה - רולי פולי אולי,70564
TV,טלויזיה - דיג_ימון,45809
TV,טלויזיה - דרדסים,29530
TV,טלויזיה - רגע עם דודלי,24075
TV,טלויזיה - השלישיה,31842
TV,טלויזיה - גאיה גל וגילי,60473
TV,Pokemon Silver - New Bark Town,26904
TV,שמש - שיר פתיחה,76384
TV,טלויזיה - פיטר פן,39012
TV,טלויזיה - רכבת ההפתעות,89540
TV,טלויזיה - אוטובוס הקסמים,72968
TV,טלויזיה - בילבי,67403
TV,טלויזיה - עכבר העיר עכבר הכפר,13672
TV,טלויזיה - סיפורי אבא בונה,63915
TV,Pokemon Silver - Violet City,51289
TV,טלויזיה - פינקי והמוח,14083
TV,טלויזיה - שלושת המוסקטרים,16453
TV,טלויזיה - בלינקי ביל,14873
TV,טלויזיה - חוש חש הבלש,21983
TV,טלויזיה - רדוול,81509
TV,טלויזיה - צער גידול בנות,19067
TV,טלויזיה - עליסה בארץ הפלאות,70231
TV,טלויזיה - הפנתר הורוד,71065
TV,טלויזיה - טאז,27156
TV,אנימניאקס - מדינות העולם,16704
TV,טלויזיה - שלתיאל קוואק,95067
TV,טלויזיה- עלילות בבאי,78051
TV,Erreway-resistire,52306
TV,טלויזיה - פו הדב,76041
TV,טלויזיה - משחק החיים,37480
TV,טלויזיה - הנסיך המדליק מבל אייר,19764
TV,טלויזיה - המעבדה של דקסטר,85901
TV,טלויזיה - הפיג_מות,27840
TV,טלויזיה - קופיקו,12780
TV,טלויזיה - הבית של גלוריה,73986
PARTY,Blondie - Heart of Glass,15263
PARTY,Daft Punk - Digital Love (Official Audio) (320kbps),37625
PARTY,Beyoncé - Love On Top,37519
PARTY,Symbolico - Earth Connect - Hanging in Space,94728
PARTY,Meghan Trainor - No Excuses (320kbps),38962
PARTY,Lenny Kravitz - Fly Away,59817
PARTY,Joe Arroyo - En Barranquilla Me Quedo (320kbps),83097
PARTY,Whitney Houston - I Wanna Dance With Somebody,65817
PARTY,Rednex - Cotton Eye Joe (Official Music Video) [HD] - RednexMusic com (320kbps),32840
PARTY,Katy Perry - Hot N Cold,40573
PARTY,Lily Allen - Fuck You,89261
PARTY,Lady Gaga - Bad Romance,85301
PARTY,Caravan Palace - Rock It For Me,67843
PARTY,Caravan Palace - Bambous,30749
PARTY,Electric Light Orchestra - Livin_ Thing,85904
PARTY,Fun. - Some Nights,68135
PARTY,funknstein-we_gonna_funk,98670
PARTY,Abba - Dancing Queen,59374
PARTY,Parov Stelar - Libella Swing,81645
PARTY,רן דנקר - בית משוגעים,61083
PARTY,שבק ס_ - תתקעו בחצוצרה,26039
PARTY,הי פייב - יום מעונן,37594
PARTY,Mark Ronson - Uptown Funk (Official Video) ft. Bruno Mars (320kbps),65493
PARTY,עדן בן זקן - תרקדו,54763
PARTY,American Boy - Estelle,98123
PARTY,Queen - Crazy Little Thing Called Love,18240
PARTY,Beyoncé - Crazy In Love ft. JAY Z,68473
PARTY,Guns__n Roses - Welcome to the Jungle ( Studio Version ) High Quality. (320kbps),45213
PARTY,"לידוי, אסטמה ושקד פררה - עור ברווז (ביט של מנטוס) (320kbps)",45061
PARTY,Cyndi Lauper - Girls Just Want To Have Fun,36528
PARTY,Nunu X Sagi Kariv - Cute Boy,75360
PARTY,סטטיק ובן אל תבורי - סתם,90473
PARTY,Baby__s on fire- Die Antwoord Lyrics (320kbps),81407
PARTY,קרקס (320kbps),79186
PARTY,VULFPECK - Back Pocket,73860
PARTY,TONES AND I - FLY AWAY,76418
PARTY,טיפקס ועלמה זק- פרח השכונות,64125
PARTY,Toto la Momposina-Prende La Vela,84215
PARTY,Sum 41 - In Too Deep,75196
PARTY,ג׳ירפות - יש לי חור בלב בצורה שלך _ קליפ רשמי,63291
PARTY,a-ha - Take On Me,73286
PARTY,Zzoilo _ Aitana - Mon Amour Remix (Letra_Lyrics) (320kbps),91452
PARTY,Harry Styles - Watermelon Sugar,89205
PARTY,ALEXANDRA STAN - Mr. Saxobeat,90178
PARTY,סטטיק ובן אל תבורי - טודו בום,79601
PARTY,Shakira - Hips Don_t Lie ft. Wyclef Jean,24698
PARTY,Britney Spears - Toxic,27463
PARTY,King Julian- I like to move it (Madagascar),43679
PARTY,Farruko - Pepas (Audio),81294
PARTY,Tones And I - Dance Monkey,43519
PARTY,הדג נחש ואינפקטד מאשרום - ליגל אייז (קליפ רשמי) (320kbps),76954
PARTY,מופע הארנבות של דוקטור קספר - תראו אותי,25736
PARTY,נועה קירל ואילן פלד - טרילילי טרללה Noa Kirel & Ilan Peled - Trilili Tralala (Prod by K-Kov),89573
PARTY,Lady Gaga - Alejandro,79612
PARTY,Lady Gaga - Born This Way,31874
PARTY,Netta - TOY,71693
PARTY,Too Many Dicks (On The Dance Floor) (320kbps),13246
PARTY,Nelly Furtado - Turn Off The Lights,30846
PARTY,Vengaboys - Boom Boom Boom Boom,54713
PARTY,"Shakira - Whenever, Wherever",16372
PARTY,Natalia Oreiro - Cambio Dolor,41853
PARTY,Barry Manilow - Copacabana,91380
PARTY,Queen - Good Old-Fashioned Lover Boy,84631
PARTY,Sophie Ellis-Bextor - Murder On The Dancefloor,17580
PARTY,Polo _ Pan - Nana (official audio) (320kbps),46058
PARTY,Scotty Doesn_t Know,95326
PARTY,Pitbull - Feel This Moment ft. Christina Aguilera,46723
PARTY,Robots - Flight of the Conchords (320kbps),23046
PARTY,Alice Deejay - Better Off Alone,48375
PARTY,Infected Mushroom _ Tuna - Lost In Space (feat. A-Wa) [Monstercat Release] (320kbps),68241
PARTY,Noga Erez - End of the Road (Official Video) (320kbps),67491
PARTY,דמיקולו - bloody.mori (320kbps),59437
PARTY,Earth Wind & Fire - Boogie Wonderland,80695
PARTY,Lou Bega - Mambo No 5,84205
PARTY,Dennis Lloyd - Alien (Official Audio) (320kbps),10695
PARTY,Sia - Cheap Thrills Ft. Sean Paul,12453
PARTY,עדן בן זקן ואיתי גלו - מועבט,87632
PARTY,Elvis Presley - A Little Less Conversation (JXL Radio Edit Remix) (Audio) (320kbps),85013
PARTY,Desnúdate Mujer (320kbps),27804
PARTY,פורטרט - הכל מבינה,67381
PARTY,שרית חדד - בחום של תל אביב,31520
PARTY,שוטי הנבואה - הילדים קופצים,69324
PARTY,The End (Remastered 2009) (320kbps),27639
PARTY,Avicii - Addicted To You,71093
PARTY,היי פייב - כולם רוקדים עכשיו,49750
PARTY,La Pantera Mambo (320kbps),92840
PARTY,M.C. Hammer - U Can_t Touch This,28475
PARTY,Rising Dust Ft Asi Shiran - Sounds Of The Future (Daft Punk Mashup) (320kbps),41390
PARTY,Madonna - Hung Up,23685
PARTY,Dusty Springfield Son of a Preacher Man,92503
PARTY,DNCE - Kissing Strangers ft. Nicki Minaj (Official Video) (320kbps),48291
PARTY,Life Itself (Roosevelt Remix),19453
PARTY,הדורבנים - יצאנו לרקוד,68527
PARTY,סטטיק ובן אל תבורי - זהב,94678
PARTY,The Rocky Horror Picture Show - The Time Warp,76108
PARTY,נונו - ליבינג דה דרים,80954
PARTY,Sebastián Yatra - Tacones Rojos (Official Video),94067
PARTY,Queen - We Will Rock You [Lyrics] (320kbps),32410
PARTY,Electric Swing Circus - Bella Belle (Grafter Remix),13065
PARTY,סמי וסומו,59734
PARTY,כוכב אניס - פני בוזוקי ____ Cohav Anise - Buzuki Face (320kbps),76290
PARTY,Wheatus - Teenage Dirtbag,76032
PARTY,Toto la Momposina - Chambacú,72051
PARTY,Michel Teló - Ai Se Eu Te Pego,27164
PARTY,Adele - Rolling In The Deep,28361
PARTY,Eve - Who_s That Girl,90578
PARTY,"Earth, Wind & Fire - Got to Get You Into My Life",63947
PARTY,Kanye West - Gold Digger ft. Jamie Foxx,46037
PARTY,Hadag Nahash _ Infected Mushroom - Legal Eyes (English Version Official Video) (320kbps),80691
PARTY,Guns N__ Roses - Sweet Child O__ Mine (Official Music Video) (320kbps),27410
PARTY,Joni Mitchell - Raised on Robbery,38709
PARTY,אנה זק - לך לישון,17435
PARTY,Arctic Monkeys - R U Mine_ (320kbps),81935
PARTY,בנזין - יום שישי את יודעת,28509
PARTY,Noga Erez - NO news on TV,30592
PARTY,טיפקס - ריקודי עמבה,40321
PARTY,הדורבנים - עוד לילה,83109
PARTY,"לידוי, אסטמה ושקד פררה - עור ברווז (ביט של מנטוס)",97246
PARTY,Chetos y Cumbieros (320kbps),84760
PARTY,יסמין מועלם - מסיבה (עם שקל),31078
PARTY,טיפקס - שלוש בלילה,75906
PARTY,POLO & PAN Ani Kuni (official video),67328
CLASSIC,"Chopin - Nocturne In C Minor, Op.48 No.1",26045
CLASSIC,"Chopin, Frederic - 5 Waltz No.6 In D flat Major  Minute Waltz",86132
CLASSIC,Dave Brubeck - Take 5,69270
CLASSIC,Mercedes Sosa - Alfonsina Y El Mar,28745
CLASSIC,"Chopin, Frederic - 11 Prelude In D flat Major",39521
CLASSIC,Vivaldi - the Four Seasons - Spring,94271
CLASSIC,"Dvorak, Antonin - Humoreske",39716
CLASSIC,"Variations In B Flat Major, Op.2. Al",23470
CLASSIC,Debussy - Clair De Lune,48692
CLASSIC,Purcell - Wondrous Machine,71356
CLASSIC,"Nocturne In E Flat Major, Op.9 No.2",72836
CLASSIC,"Chopin - Piano Sonata No.3 In B Minor, O",39210
CLASSIC,"Chopin, Frederic - 4 Waltz No.2 In A flat Major",85730
CLASSIC,Couperin - Seconde Lecon-Vau,91536
CLASSIC,Fantaisie-Impromptu In C Sharp Minor,87062
CLASSIC,Rameau - Entree Des Quatre Nation,60182
CLASSIC,Mercedes Sosa - Gracias A La Vida,60318
CLASSIC,"Chopin - Prelude In D Flat Major, Op.28",35472
CLASSIC,Vivaldi - Nulla In Mundo Pax Sinc,31275
CLASSIC,Handel - The Cheritable Shall Be,68415
CLASSIC,Bach - Aria (from) Hunt Cantata,63804
CLASSIC,"Chopin - Prelude In E Minor, Op.28 No.4",56427
VIRAL,אייל גולן המלך,70346
VIRAL,ישראל מתייבשת [hYlaYwP51Bo],90628
VIRAL,PSY - GANGNAM STYLE [Original Video],27493
VIRAL,שרה נתניהו פסיכולוגית,96384
VIRAL,טוסטר משולשים,71958
VIRAL,יובל המבולבל_ שלום לכם ילדים וילדות- ערוץ הופ!,61478
VIRAL,ארץ נהדרת  ראובן ואסתי - אשפיל אפי,86975
VIRAL,הקש על החמש ביטוח ישיר [3KAmGN40rlc],68014
VIRAL,Nothing Beats a Jet2holiday  Sale  Family  TV advert (1),85240
VIRAL,ילד השוקולד,86123
VIRAL,מה אכלתי גם פטיש גם חרב גם חשמל עכשיו אני כולי זרם..,26539
VIRAL,Nothing Beats a Jet2holiday  Sale  Family  TV advert,86953
VIRAL,עומר אדם  בוקר טוב ל- Be הנתב החדש של בזק,36927
VIRAL,נורופן קוויק - שמלה אדומה- כאב ראש כאב ראש,38052
VIRAL,גידי ומשפחת בוזגלו  הלו יעקב,15480
VIRAL,הפרלמנט 2 פרק 5  שאולי משאיר צוואה,90368
VIRAL,זוהי סדום - דע אותי - אשת לוט (1),72104
VIRAL,דנה אינטרנשיונל - מר במאי קטע קורע מצחוק,71289
VIRAL,דנה אינטרנשיונל - מר במאי קטע קורע מצחוק (1),31856
VIRAL,מני ממטרה - ממטרה עם מטרה (הקליפ),75236
VIRAL,ארץ נהדרת  אפליקציה  רכב חברה,31279
VIRAL,מני ממטרה - מצעד החיקויים 1 (הראשון),89301
VIRAL,הפרלמנט 2 פרק 3  ג_ורג_ מסתבך עם הנהלת הספארי,29653
VIRAL,I_m on a Horse - Old Spice Commercial (1),14982
VIRAL,I_m on a Horse - Old Spice Commercial,31479
VIRAL,אגס קימל - חפש אותי בראשון,67419
VIRAL,חיה מסריחה,72643
VIRAL,BLACK FRIDAY מחסני חשמל שוברים כל מחיר,98043
VIRAL,ארץ נהדרת  ראובן ואסתי - אשפיל אפי (1),29018
VIRAL,זוהי סדום - דע אותי - אשת לוט,63521
FESTIGAL,ראש בראש,52637
FESTIGAL,"רותם אבוהב ורועי בר נתן - שיר הרס - מתוך פסטיגל 2005, פסטיגל גיבורי על",50961
FESTIGAL,איש השאלות,87325
FESTIGAL,"דנה פרידר - נערה חשמלית - מתוך פסטיגל 2007, פסטיגל על הזמן",35012
FESTIGAL,נומה נומה יה,27561
FESTIGAL,קטן זה הכי כיף בעולם,70314
FESTIGAL,כשהילדים שרים,78134
FESTIGAL,החץ המנצח,82796
FESTIGAL,"עודד מנשה - אני רוצה להיות רשע - מתוך פסטיגל 2004, לא יאומן כי פסטיגל",89417
FESTIGAL,לעוף,81745
FESTIGAL,ונשיר כולם,69254
FESTIGAL,לילה מטורף בפסטיגל - שלישיית מה קשור,84752
FESTIGAL,"מירב פלדמן - אם אני אוהבת אותך - מתוך פסטיגל 2007, פסטיגל על הזמן",28907
FESTIGAL,לילה מטורף בפסטיגל - טל מוסרי ורוני דואני,56834
FESTIGAL,2005 גלים גלים - סופי צדקה - פסטיגל גיבורי על,16320
FESTIGAL,נסיכת פופ,90268
FESTIGAL,"אושרי כהן - אני רוצה להיות - מתוך פסטיגל 2005, פסטיגל גיבורי על",19385
FESTIGAL,"כוכבי פסטיגל 2007 - זמן זה כח - מתוך פסטיגל 2007, פסטיגל על הזמן",53017
FESTIGAL,"יובל המבולבל - הדרך שלי - מתוך פסטיגל 2007, פסטיגל על הזמן",73810
FESTIGAL,קליפ - פסטיגל 2006 - פסטיגל פנטזיה - HD !,32405
FESTIGAL,"שלושת האבירים - שלישיית פרוזק (2004) _ לחן, עיבוד והפקה מוסיקלית_ קובי אשרת",45706
FESTIGAL,"אמיר פיי גוטמן - אל תוותר - מתוך פסטיגל 2007, פסטיגל על הזמן",31749
FESTIGAL,הלילה שלגיה,28450
FESTIGAL,פסטיגל גיבורי הממלכה האבודה - אליענה בקייר,12570
FESTIGAL,ככה עושים פסטיגל,32604
FESTIGAL,מלכה קרה,36472
FESTIGAL,לב אמיץ,39201
FESTIGAL,לעוף (1),29104
FESTIGAL,"פסטיגל 2005 - שיר הנושא - מתוך פסטיגל 2005, פסטיגל גיבורי על",78604
FESTIGAL,"אגם רודברג ועדי הימלבלוי - מטרה מספר אחת - מתוך פסטיגל 2009, קונגפו פסטיגל",10649
FESTIGAL,פסטיגל גיבורי הממלכה האבודה - הפיג מות,41680
FESTIGAL,פסטיגל גיבורי הממלכה האבודה - שלוש חברות _ כוכבות השמינייה,75649
FESTIGAL,תן,46085
FESTIGAL,אני הוא זורו,34250
FESTIGAL,כמו רובין הוד,73859
FESTIGAL,לילה מטורף בפסטיגל - שיר הפתיחה,16208
